id,name,datetime,department_id,job_id
1,Harold Vogt,2021-11-07T02:48:42Z,2,96.0
2,Ty Hofer,2021-05-30T05:43:46Z,8,
3,Lyman Hadye,2021-09-01T23:27:38Z,5,52.0
4,Lotti Crowthe,2021-10-01T13:04:21Z,12,71.0
5,Gretna Lording,2021-10-10T22:22:17Z,6,80.0
6,Marlow Antecki,2021-04-23T23:45:42Z,6,95.0
7,Joan Rillett,2021-10-10T01:33:31Z,9,78.0
8,Ulrick Nucciotti,2021-07-24T01:28:40Z,8,169.0
9,Lucretia Northcote,2021-04-01T21:22:47Z,9,8.0
10,Arty Giacobo,2022-02-08T12:27:07Z,6,62.0
11,Libbi Dowtry,2021-07-05T04:55:10Z,6,41.0
12,Jacky Oldred,2021-06-20T11:59:41Z,7,29.0
13,Raine Mowett,2021-12-23T08:23:34Z,8,83.0
14,Melonie Slocomb,2021-12-30T23:08:59Z,12,121.0
15,Robers Swinden,2021-02-16T20:00:38Z,5,47.0
16,Bone Serridge,2021-06-21T09:11:06Z,8,121.0
17,Andee Tillot,2021-04-01T10:28:22Z,8,65.0
18,Gay Philbin,2021-12-24T13:40:11Z,6,102.0
19,Loralie Dundin,2021-10-19T20:10:46Z,8,68.0
20,Tobi Lawton,2022-02-20T07:46:22Z,6,85.0
21,Mandel Nayer,2021-12-18T22:55:26Z,2,121.0
22,Toddy Gare,2021-12-05T18:00:50Z,5,25.0
23,Jeremias Goudy,2021-10-01T08:16:32Z,7,36.0
24,Lemar Aronsohn,2021-07-13T15:39:49Z,8,93.0
25,Tanner Jopling,2021-10-16T05:41:59Z,10,53.0
26,Bartolomeo Fetherstone,2021-02-07T09:03:49Z,5,65.0
27,Elvina Bycraft,2021-09-29T20:34:33Z,7,74.0
28,Letitia Bastin,2021-11-20T15:33:14Z,6,134.0
29,Warner Astbury,2021-08-30T17:22:09Z,6,67.0
30,Geri Pennings,2022-02-16T21:08:33Z,4,33.0
31,Jerald Gilder,2022-01-15T02:33:31Z,4,74.0
32,Wilt Di Francesco,2021-09-26T21:51:10Z,9,82.0
33,Aldwin Hellmore,2021-09-27T11:12:00Z,10,49.0
34,Corena Heritege,2021-05-08T01:43:42Z,4,31.0
35,Malchy Pontain,2022-02-20T10:39:43Z,11,178.0
36,Gasparo Ofen,2021-11-07T11:41:10Z,4,57.0
37,Nikkie Whinray,2021-12-30T05:37:33Z,7,114.0
38,Louisa Binion,2021-02-11T14:29:26Z,8,54.0
39,Brook Tant,2021-09-27T12:50:01Z,10,113.0
40,Cly Butt,2022-01-01T06:33:57Z,8,75.0
41,Jena Iacomi,2021-05-04T19:49:00Z,9,37.0
42,Pail Syne,2021-09-14T03:08:04Z,7,26.0
43,Agneta Rae,2021-09-29T12:36:18Z,3,51.0
44,Lanae Pedrozzi,2021-05-14T18:26:59Z,5,118.0
45,Gipsy Cabrera,2021-12-17T11:47:44Z,12,138.0
46,Philly Beecraft,2021-03-03T14:48:53Z,8,59.0
47,Jimmie Jack,2021-02-04T07:50:18Z,4,64.0
48,Lonee Hegden,2021-06-07T09:12:33Z,10,58.0
49,Annecorinne Verny,2021-05-08T23:05:13Z,9,140.0
50,Marybelle Henrichsen,2021-06-17T10:02:48Z,10,53.0
